"REF_DATE","GEO","DGUID","Business characteristics","Expectation of change in supply chain challenges","UOM","UOM_ID","SCALAR_FACTOR","SCALAR_ID","VECTOR","COORDINATE","VALUE","STATUS","SYMBOL","TERMINATED","DECIMALS"
"2021","Canada","2016A000011124","North American Industry Classification System (NAICS), all industries","Supply chain challenges are expected to worsen","Percent","239","units","0","v1304281415","1.1.1","43.4","A","","","1"
"2021","Canada","2016A000011124","North American Industry Classification System (NAICS), all industries","Supply chain challenges are expected to remain about the same","Percent","239","units","0","v1304281416","1.1.2","48.0","A","","","1"
"2021","Canada","2016A000011124","North American Industry Classification System (NAICS), all industries","Supply chain challenges are expected to improve","Percent","239","units","0","v1304281417","1.1.3","8.7","A","","","1"
"2021","Canada","2016A000011124","Agriculture, forestry, fishing and hunting [11]","Supply chain challenges are expected to worsen","Percent","239","units","0","v1304281448","1.2.1","53.8","B","","","1"
"2021","Canada","2016A000011124","Agriculture, forestry, fishing and hunting [11]","Supply chain challenges are expected to remain about the same","Percent","239","units","0","v1304281449","1.2.2","43.9","B","","","1"
"2021","Canada","2016A000011124","Agriculture, forestry, fishing and hunting [11]","Supply chain challenges are expected to improve","Percent","239","units","0","v1304281450","1.2.3","2.3","A","","","1"
"2021","Canada","2016A000011124","Mining, quarrying, and oil and gas extraction [21]","Supply chain challenges are expected to worsen","Percent","239","units","0","v1304281481","1.3.1","55.3","C","","","1"
"2021","Canada","2016A000011124","Mining, quarrying, and oil and gas extraction [21]","Supply chain challenges are expected to remain about the same","Percent","239","units","0","v1304281482","1.3.2","39.3","C","","","1"
"2021","Canada","2016A000011124","Mining, quarrying, and oil and gas extraction [21]","Supply chain challenges are expected to improve","Percent","239","units","0","v1304281483","1.3.3","5.4","B","","","1"
"2021","Canada","2016A000011124","Construction [23]","Supply chain challenges are expected to worsen","Percent","239","units","0","v1304281514","1.4.1","43.2","B","","","1"
"2021","Canada","2016A000011124","Construction [23]","Supply chain challenges are expected to remain about the same","Percent","239","units","0","v1304281515","1.4.2","47.8","B","","","1"
"2021","Canada","2016A000011124","Construction [23]","Supply chain challenges are expected to improve","Percent","239","units","0","v1304281516","1.4.3","9.0","B","","","1"
"2021","Canada","2016A000011124","Manufacturing [31-33]","Supply chain challenges are expected to worsen","Percent","239","units","0","v1304281547","1.5.1","43.5","B","","","1"
"2021","Canada","2016A000011124","Manufacturing [31-33]","Supply chain challenges are expected to remain about the same","Percent","239","units","0","v1304281548","1.5.2","48.1","B","","","1"
"2021","Canada","2016A000011124","Manufacturing [31-33]","Supply chain challenges are expected to improve","Percent","239","units","0","v1304281549","1.5.3","8.4","B","","","1"
"2021","Canada","2016A000011124","Wholesale trade [41]","Supply chain challenges are expected to worsen","Percent","239","units","0","v1304281580","1.6.1","38.1","B","","","1"
"2021","Canada","2016A000011124","Wholesale trade [41]","Supply chain challenges are expected to remain about the same","Percent","239","units","0","v1304281581","1.6.2","53.1","B","","","1"
"2021","Canada","2016A000011124","Wholesale trade [41]","Supply chain challenges are expected to improve","Percent","239","units","0","v1304281582","1.6.3","8.8","A","","","1"
"2021","Canada","2016A000011124","Retail trade [44-45]","Supply chain challenges are expected to worsen","Percent","239","units","0","v1304281604","1.7.1","35.4","B","","","1"
"2021","Canada","2016A000011124","Retail trade [44-45]","Supply chain challenges are expected to remain about the same","Percent","239","units","0","v1304281605","1.7.2","52.8","B","","","1"
"2021","Canada","2016A000011124","Retail trade [44-45]","Supply chain challenges are expected to improve","Percent","239","units","0","v1304281606","1.7.3","11.8","B","","","1"
"2021","Canada","2016A000011124","Transportation and warehousing [48-49]","Supply chain challenges are expected to worsen","Percent","239","units","0","v1304281607","1.8.1","51.8","D","","","1"
"2021","Canada","2016A000011124","Transportation and warehousing [48-49]","Supply chain challenges are expected to remain about the same","Percent","239","units","0","v1304281608","1.8.2","43.3","D","","","1"
"2021","Canada","2016A000011124","Transportation and warehousing [48-49]","Supply chain challenges are expected to improve","Percent","239","units","0","v1304281609","1.8.3","4.9","A","","","1"
"2021","Canada","2016A000011124","Information and cultural industries [51]","Supply chain challenges are expected to worsen","Percent","239","units","0","v1304281610","1.9.1","46.9","D","","","1"
"2021","Canada","2016A000011124","Information and cultural industries [51]","Supply chain challenges are expected to remain about the same","Percent","239","units","0","v1304281611","1.9.2","44.4","C","","","1"
"2021","Canada","2016A000011124","Information and cultural industries [51]","Supply chain challenges are expected to improve","Percent","239","units","0","v1304281612","1.9.3","8.7","B","","","1"
"2021","Canada","2016A000011124","Finance and insurance [52]","Supply chain challenges are expected to worsen","Percent","239","units","0","v1304281418","1.10.1","59.9","E","","","1"
"2021","Canada","2016A000011124","Finance and insurance [52]","Supply chain challenges are expected to remain about the same","Percent","239","units","0","v1304281419","1.10.2","38.8","E","","","1"
"2021","Canada","2016A000011124","Finance and insurance [52]","Supply chain challenges are expected to improve","Percent","239","units","0","v1304281420","1.10.3","1.4","A","","","1"
"2021","Canada","2016A000011124","Real estate and rental and leasing [53]","Supply chain challenges are expected to worsen","Percent","239","units","0","v1304281421","1.11.1","41.9","D","","","1"
"2021","Canada","2016A000011124","Real estate and rental and leasing [53]","Supply chain challenges are expected to remain about the same","Percent","239","units","0","v1304281422","1.11.2","56.2","D","","","1"
"2021","Canada","2016A000011124","Real estate and rental and leasing [53]","Supply chain challenges are expected to improve","Percent","239","units","0","v1304281423","1.11.3","2.0","A","","","1"
"2021","Canada","2016A000011124","Professional, scientific and technical services [54]","Supply chain challenges are expected to worsen","Percent","239","units","0","v1304281424","1.12.1","49.2","E","","","1"
"2021","Canada","2016A000011124","Professional, scientific and technical services [54]","Supply chain challenges are expected to remain about the same","Percent","239","units","0","v1304281425","1.12.2","39.7","E","","","1"
"2021","Canada","2016A000011124","Professional, scientific and technical services [54]","Supply chain challenges are expected to improve","Percent","239","units","0","v1304281426","1.12.3","11.0","D","","","1"
"2021","Canada","2016A000011124","Administrative and support, waste management and remediation services [56]","Supply chain challenges are expected to worsen","Percent","239","units","0","v1304281427","1.13.1","41.1","C","","","1"
"2021","Canada","2016A000011124","Administrative and support, waste management and remediation services [56]","Supply chain challenges are expected to remain about the same","Percent","239","units","0","v1304281428","1.13.2","47.9","C","","","1"
"2021","Canada","2016A000011124","Administrative and support, waste management and remediation services [56]","Supply chain challenges are expected to improve","Percent","239","units","0","v1304281429","1.13.3","11.0","B","","","1"
"2021","Canada","2016A000011124","Health care and social assistance [62]","Supply chain challenges are expected to worsen","Percent","239","units","0","v1304281430","1.14.1","31.6","C","","","1"
"2021","Canada","2016A000011124","Health care and social assistance [62]","Supply chain challenges are expected to remain about the same","Percent","239","units","0","v1304281431","1.14.2","60.1","C","","","1"
"2021","Canada","2016A000011124","Health care and social assistance [62]","Supply chain challenges are expected to improve","Percent","239","units","0","v1304281432","1.14.3","8.3","B","","","1"
"2021","Canada","2016A000011124","Arts, entertainment and recreation [71]","Supply chain challenges are expected to worsen","Percent","239","units","0","v1304281433","1.15.1","45.9","C","","","1"
"2021","Canada","2016A000011124","Arts, entertainment and recreation [71]","Supply chain challenges are expected to remain about the same","Percent","239","units","0","v1304281434","1.15.2","50.5","C","","","1"
"2021","Canada","2016A000011124","Arts, entertainment and recreation [71]","Supply chain challenges are expected to improve","Percent","239","units","0","v1304281435","1.15.3","3.6","A","","","1"
"2021","Canada","2016A000011124","Accommodation and food services [72]","Supply chain challenges are expected to worsen","Percent","239","units","0","v1304281436","1.16.1","51.0","B","","","1"
"2021","Canada","2016A000011124","Accommodation and food services [72]","Supply chain challenges are expected to remain about the same","Percent","239","units","0","v1304281437","1.16.2","37.0","B","","","1"
"2021","Canada","2016A000011124","Accommodation and food services [72]","Supply chain challenges are expected to improve","Percent","239","units","0","v1304281438","1.16.3","12.0","B","","","1"
"2021","Canada","2016A000011124","Other services (except public administration) [81]","Supply chain challenges are expected to worsen","Percent","239","units","0","v1304281439","1.17.1","51.1","C","","","1"
"2021","Canada","2016A000011124","Other services (except public administration) [81]","Supply chain challenges are expected to remain about the same","Percent","239","units","0","v1304281440","1.17.2","45.4","C","","","1"
"2021","Canada","2016A000011124","Other services (except public administration) [81]","Supply chain challenges are expected to improve","Percent","239","units","0","v1304281441","1.17.3","3.5","A","","","1"
"2021","Canada","2016A000011124","Business or organization size of employment, all employment sizes","Supply chain challenges are expected to worsen","Percent","239","units","0","v1304281442","1.18.1","43.4","A","","","1"
"2021","Canada","2016A000011124","Business or organization size of employment, all employment sizes","Supply chain challenges are expected to remain about the same","Percent","239","units","0","v1304281443","1.18.2","48.0","A","","","1"
"2021","Canada","2016A000011124","Business or organization size of employment, all employment sizes","Supply chain challenges are expected to improve","Percent","239","units","0","v1304281444","1.18.3","8.7","A","","","1"
"2021","Canada","2016A000011124","1 to 4 employees","Supply chain challenges are expected to worsen","Percent","239","units","0","v1304281445","1.19.1","45.1","B","","","1"
"2021","Canada","2016A000011124","1 to 4 employees","Supply chain challenges are expected to remain about the same","Percent","239","units","0","v1304281446","1.19.2","45.4","B","","","1"
"2021","Canada","2016A000011124","1 to 4 employees","Supply chain challenges are expected to improve","Percent","239","units","0","v1304281447","1.19.3","9.5","A","","","1"
"2021","Canada","2016A000011124","5 to 19 employees","Supply chain challenges are expected to worsen","Percent","239","units","0","v1304281451","1.20.1","42.3","B","","","1"
"2021","Canada","2016A000011124","5 to 19 employees","Supply chain challenges are expected to remain about the same","Percent","239","units","0","v1304281452","1.20.2","50.6","B","","","1"
"2021","Canada","2016A000011124","5 to 19 employees","Supply chain challenges are expected to improve","Percent","239","units","0","v1304281453","1.20.3","7.1","A","","","1"
"2021","Canada","2016A000011124","20 to 99 employees","Supply chain challenges are expected to worsen","Percent","239","units","0","v1304281454","1.21.1","42.2","B","","","1"
"2021","Canada","2016A000011124","20 to 99 employees","Supply chain challenges are expected to remain about the same","Percent","239","units","0","v1304281455","1.21.2","47.4","B","","","1"
"2021","Canada","2016A000011124","20 to 99 employees","Supply chain challenges are expected to improve","Percent","239","units","0","v1304281456","1.21.3","10.4","A","","","1"
"2021","Canada","2016A000011124","100 or more employees","Supply chain challenges are expected to worsen","Percent","239","units","0","v1304281457","1.22.1","31.0","B","","","1"
"2021","Canada","2016A000011124","100 or more employees","Supply chain challenges are expected to remain about the same","Percent","239","units","0","v1304281458","1.22.2","61.9","B","","","1"
"2021","Canada","2016A000011124","100 or more employees","Supply chain challenges are expected to improve","Percent","239","units","0","v1304281459","1.22.3","7.1","A","","","1"
"2021","Canada","2016A000011124","Business or organization type, all businesses or organizations","Supply chain challenges are expected to worsen","Percent","239","units","0","v1304281460","1.23.1","43.4","A","","","1"
"2021","Canada","2016A000011124","Business or organization type, all businesses or organizations","Supply chain challenges are expected to remain about the same","Percent","239","units","0","v1304281461","1.23.2","48.0","A","","","1"
"2021","Canada","2016A000011124","Business or organization type, all businesses or organizations","Supply chain challenges are expected to improve","Percent","239","units","0","v1304281462","1.23.3","8.7","A","","","1"
"2021","Canada","2016A000011124","Government agencies","Supply chain challenges are expected to worsen","Percent","239","units","0","v1304281463","1.24.1","","F","","","1"
"2021","Canada","2016A000011124","Government agencies","Supply chain challenges are expected to remain about the same","Percent","239","units","0","v1304281464","1.24.2","","F","","","1"
"2021","Canada","2016A000011124","Government agencies","Supply chain challenges are expected to improve","Percent","239","units","0","v1304281465","1.24.3","9.3","D","","","1"
"2021","Canada","2016A000011124","Private sector businesses","Supply chain challenges are expected to worsen","Percent","239","units","0","v1304281466","1.25.1","43.4","A","","","1"
"2021","Canada","2016A000011124","Private sector businesses","Supply chain challenges are expected to remain about the same","Percent","239","units","0","v1304281467","1.25.2","48.0","A","","","1"
"2021","Canada","2016A000011124","Private sector businesses","Supply chain challenges are expected to improve","Percent","239","units","0","v1304281468","1.25.3","8.6","A","","","1"
"2021","Canada","2016A000011124","Non-profit organizations","Supply chain challenges are expected to worsen","Percent","239","units","0","v1304281469","1.26.1","41.5","C","","","1"
"2021","Canada","2016A000011124","Non-profit organizations","Supply chain challenges are expected to remain about the same","Percent","239","units","0","v1304281470","1.26.2","48.2","C","","","1"
"2021","Canada","2016A000011124","Non-profit organizations","Supply chain challenges are expected to improve","Percent","239","units","0","v1304281471","1.26.3","10.4","B","","","1"
"2021","Canada","2016A000011124","Non-profit organizations serving households or individuals","Supply chain challenges are expected to worsen","Percent","239","units","0","v1304281472","1.27.1","42.2","D","","","1"
"2021","Canada","2016A000011124","Non-profit organizations serving households or individuals","Supply chain challenges are expected to remain about the same","Percent","239","units","0","v1304281473","1.27.2","45.6","D","","","1"
"2021","Canada","2016A000011124","Non-profit organizations serving households or individuals","Supply chain challenges are expected to improve","Percent","239","units","0","v1304281474","1.27.3","12.2","B","","","1"
"2021","Canada","2016A000011124","Non-profit organizations serving businesses","Supply chain challenges are expected to worsen","Percent","239","units","0","v1304281475","1.28.1","","F","","","1"
"2021","Canada","2016A000011124","Non-profit organizations serving businesses","Supply chain challenges are expected to remain about the same","Percent","239","units","0","v1304281476","1.28.2","","F","","","1"
"2021","Canada","2016A000011124","Non-profit organizations serving businesses","Supply chain challenges are expected to improve","Percent","239","units","0","v1304281477","1.28.3","0.7","A","","","1"
"2021","Canada","2016A000011124","Age of business or organization, all ages","Supply chain challenges are expected to worsen","Percent","239","units","0","v1304281478","1.29.1","43.4","A","","","1"
"2021","Canada","2016A000011124","Age of business or organization, all ages","Supply chain challenges are expected to remain about the same","Percent","239","units","0","v1304281479","1.29.2","48.0","A","","","1"
"2021","Canada","2016A000011124","Age of business or organization, all ages","Supply chain challenges are expected to improve","Percent","239","units","0","v1304281480","1.29.3","8.7","A","","","1"
"2021","Canada","2016A000011124","Age of business or organization, 2 years or less","Supply chain challenges are expected to worsen","Percent","239","units","0","v1304281484","1.30.1","41.6","D","","","1"
"2021","Canada","2016A000011124","Age of business or organization, 2 years or less","Supply chain challenges are expected to remain about the same","Percent","239","units","0","v1304281485","1.30.2","48.2","D","","","1"
"2021","Canada","2016A000011124","Age of business or organization, 2 years or less","Supply chain challenges are expected to improve","Percent","239","units","0","v1304281486","1.30.3","10.2","C","","","1"
"2021","Canada","2016A000011124","Age of business or organization, 3 to 10 years old","Supply chain challenges are expected to worsen","Percent","239","units","0","v1304281487","1.31.1","46.2","B","","","1"
"2021","Canada","2016A000011124","Age of business or organization, 3 to 10 years old","Supply chain challenges are expected to remain about the same","Percent","239","units","0","v1304281488","1.31.2","45.3","B","","","1"
"2021","Canada","2016A000011124","Age of business or organization, 3 to 10 years old","Supply chain challenges are expected to improve","Percent","239","units","0","v1304281489","1.31.3","8.5","A","","","1"
"2021","Canada","2016A000011124","Age of business or organization, 11 to 20 years old","Supply chain challenges are expected to worsen","Percent","239","units","0","v1304281490","1.32.1","40.9","B","","","1"
"2021","Canada","2016A000011124","Age of business or organization, 11 to 20 years old","Supply chain challenges are expected to remain about the same","Percent","239","units","0","v1304281491","1.32.2","45.5","B","","","1"
"2021","Canada","2016A000011124","Age of business or organization, 11 to 20 years old","Supply chain challenges are expected to improve","Percent","239","units","0","v1304281492","1.32.3","13.6","B","","","1"
"2021","Canada","2016A000011124","Age of business or organization, more than 20 years old","Supply chain challenges are expected to worsen","Percent","239","units","0","v1304281493","1.33.1","43.0","A","","","1"
"2021","Canada","2016A000011124","Age of business or organization, more than 20 years old","Supply chain challenges are expected to remain about the same","Percent","239","units","0","v1304281494","1.33.2","51.4","A","","","1"
"2021","Canada","2016A000011124","Age of business or organization, more than 20 years old","Supply chain challenges are expected to improve","Percent","239","units","0","v1304281495","1.33.3","5.6","A","","","1"
"2021","Canada","2016A000011124","Geography, all geography","Supply chain challenges are expected to worsen","Percent","239","units","0","v1304281496","1.34.1","43.4","A","","","1"
"2021","Canada","2016A000011124","Geography, all geography","Supply chain challenges are expected to remain about the same","Percent","239","units","0","v1304281497","1.34.2","48.0","A","","","1"
"2021","Canada","2016A000011124","Geography, all geography","Supply chain challenges are expected to improve","Percent","239","units","0","v1304281498","1.34.3","8.7","A","","","1"
"2021","Canada","2016A000011124","Urban","Supply chain challenges are expected to worsen","Percent","239","units","0","v1304281499","1.35.1","41.4","A","","","1"
"2021","Canada","2016A000011124","Urban","Supply chain challenges are expected to remain about the same","Percent","239","units","0","v1304281500","1.35.2","49.0","A","","","1"
"2021","Canada","2016A000011124","Urban","Supply chain challenges are expected to improve","Percent","239","units","0","v1304281501","1.35.3","9.6","A","","","1"
"2021","Canada","2016A000011124","Rural","Supply chain challenges are expected to worsen","Percent","239","units","0","v1304281502","1.36.1","51.6","B","","","1"
"2021","Canada","2016A000011124","Rural","Supply chain challenges are expected to remain about the same","Percent","239","units","0","v1304281503","1.36.2","43.6","B","","","1"
"2021","Canada","2016A000011124","Rural","Supply chain challenges are expected to improve","Percent","239","units","0","v1304281504","1.36.3","4.8","A","","","1"
"2021","Canada","2016A000011124","Majority ownership, all ownerships","Supply chain challenges are expected to worsen","Percent","239","units","0","v1304281505","1.37.1","43.4","A","","","1"
"2021","Canada","2016A000011124","Majority ownership, all ownerships","Supply chain challenges are expected to remain about the same","Percent","239","units","0","v1304281506","1.37.2","48.0","A","","","1"
"2021","Canada","2016A000011124","Majority ownership, all ownerships","Supply chain challenges are expected to improve","Percent","239","units","0","v1304281507","1.37.3","8.6","A","","","1"
"2021","Canada","2016A000011124","Majority ownership, woman","Supply chain challenges are expected to worsen","Percent","239","units","0","v1304281508","1.38.1","49.8","C","","","1"
"2021","Canada","2016A000011124","Majority ownership, woman","Supply chain challenges are expected to remain about the same","Percent","239","units","0","v1304281509","1.38.2","45.1","B","","","1"
"2021","Canada","2016A000011124","Majority ownership, woman","Supply chain challenges are expected to improve","Percent","239","units","0","v1304281510","1.38.3","5.1","A","","","1"
"2021","Canada","2016A000011124","Majority ownership, First Nations, Métis or Inuit","Supply chain challenges are expected to worsen","Percent","239","units","0","v1304281511","1.39.1","46.9","D","","","1"
"2021","Canada","2016A000011124","Majority ownership, First Nations, Métis or Inuit","Supply chain challenges are expected to remain about the same","Percent","239","units","0","v1304281512","1.39.2","39.6","D","","","1"
"2021","Canada","2016A000011124","Majority ownership, First Nations, Métis or Inuit","Supply chain challenges are expected to improve","Percent","239","units","0","v1304281513","1.39.3","13.5","C","","","1"
"2021","Canada","2016A000011124","Majority ownership, immigrant to Canada","Supply chain challenges are expected to worsen","Percent","239","units","0","v1304281517","1.40.1","47.0","B","","","1"
"2021","Canada","2016A000011124","Majority ownership, immigrant to Canada","Supply chain challenges are expected to remain about the same","Percent","239","units","0","v1304281518","1.40.2","42.6","B","","","1"
"2021","Canada","2016A000011124","Majority ownership, immigrant to Canada","Supply chain challenges are expected to improve","Percent","239","units","0","v1304281519","1.40.3","10.4","B","","","1"
"2021","Canada","2016A000011124","Majority ownership, person with a disability","Supply chain challenges are expected to worsen","Percent","239","units","0","v1304281520","1.41.1","","F","","","1"
"2021","Canada","2016A000011124","Majority ownership, person with a disability","Supply chain challenges are expected to remain about the same","Percent","239","units","0","v1304281521","1.41.2","","F","","","1"
"2021","Canada","2016A000011124","Majority ownership, person with a disability","Supply chain challenges are expected to improve","Percent","239","units","0","v1304281522","1.41.3","4.0","B","","","1"
"2021","Canada","2016A000011124","Majority ownership, member of LGBTQ2 community","Supply chain challenges are expected to worsen","Percent","239","units","0","v1304281523","1.42.1","36.5","E","","","1"
"2021","Canada","2016A000011124","Majority ownership, member of LGBTQ2 community","Supply chain challenges are expected to remain about the same","Percent","239","units","0","v1304281524","1.42.2","62.2","E","","","1"
"2021","Canada","2016A000011124","Majority ownership, member of LGBTQ2 community","Supply chain challenges are expected to improve","Percent","239","units","0","v1304281525","1.42.3","1.2","A","","","1"
"2021","Canada","2016A000011124","Majority ownership, visible minority","Supply chain challenges are expected to worsen","Percent","239","units","0","v1304281526","1.43.1","45.3","C","","","1"
"2021","Canada","2016A000011124","Majority ownership, visible minority","Supply chain challenges are expected to remain about the same","Percent","239","units","0","v1304281527","1.43.2","39.1","B","","","1"
"2021","Canada","2016A000011124","Majority ownership, visible minority","Supply chain challenges are expected to improve","Percent","239","units","0","v1304281528","1.43.3","15.6","B","","","1"
"2021","Canada","2016A000011124","Ownership by visible minority, all visible minorities","Supply chain challenges are expected to worsen","Percent","239","units","0","v1304281529","1.44.1","45.3","C","","","1"
"2021","Canada","2016A000011124","Ownership by visible minority, all visible minorities","Supply chain challenges are expected to remain about the same","Percent","239","units","0","v1304281530","1.44.2","39.1","B","","","1"
"2021","Canada","2016A000011124","Ownership by visible minority, all visible minorities","Supply chain challenges are expected to improve","Percent","239","units","0","v1304281531","1.44.3","15.6","B","","","1"
"2021","Canada","2016A000011124","Ownership by visible minority, South Asian","Supply chain challenges are expected to worsen","Percent","239","units","0","v1304281532","1.45.1","46.3","D","","","1"
"2021","Canada","2016A000011124","Ownership by visible minority, South Asian","Supply chain challenges are expected to remain about the same","Percent","239","units","0","v1304281533","1.45.2","36.7","C","","","1"
"2021","Canada","2016A000011124","Ownership by visible minority, South Asian","Supply chain challenges are expected to improve","Percent","239","units","0","v1304281534","1.45.3","17.0","C","","","1"
"2021","Canada","2016A000011124","Ownership by visible minority, Chinese","Supply chain challenges are expected to worsen","Percent","239","units","0","v1304281535","1.46.1","60.9","D","","","1"
"2021","Canada","2016A000011124","Ownership by visible minority, Chinese","Supply chain challenges are expected to remain about the same","Percent","239","units","0","v1304281536","1.46.2","28.6","D","","","1"
"2021","Canada","2016A000011124","Ownership by visible minority, Chinese","Supply chain challenges are expected to improve","Percent","239","units","0","v1304281537","1.46.3","10.4","C","","","1"
"2021","Canada","2016A000011124","Ownership by visible minority, Black","Supply chain challenges are expected to worsen","Percent","239","units","0","v1304281538","1.47.1","","F","","","1"
"2021","Canada","2016A000011124","Ownership by visible minority, Black","Supply chain challenges are expected to remain about the same","Percent","239","units","0","v1304281539","1.47.2","9.8","C","","","1"
"2021","Canada","2016A000011124","Ownership by visible minority, Black","Supply chain challenges are expected to improve","Percent","239","units","0","v1304281540","1.47.3","","F","","","1"
"2021","Canada","2016A000011124","Ownership by visible minority, Filipino","Supply chain challenges are expected to worsen","Percent","239","units","0","v1304281541","1.48.1","","F","","","1"
"2021","Canada","2016A000011124","Ownership by visible minority, Filipino","Supply chain challenges are expected to remain about the same","Percent","239","units","0","v1304281542","1.48.2","","F","","","1"
"2021","Canada","2016A000011124","Ownership by visible minority, Filipino","Supply chain challenges are expected to improve","Percent","239","units","0","v1304281543","1.48.3","","F","","","1"
"2021","Canada","2016A000011124","Ownership by visible minority, Latin American","Supply chain challenges are expected to worsen","Percent","239","units","0","v1304281544","1.49.1","77.1","E","","","1"
"2021","Canada","2016A000011124","Ownership by visible minority, Latin American","Supply chain challenges are expected to remain about the same","Percent","239","units","0","v1304281545","1.49.2","17.2","D","","","1"
"2021","Canada","2016A000011124","Ownership by visible minority, Latin American","Supply chain challenges are expected to improve","Percent","239","units","0","v1304281546","1.49.3","5.7","B","","","1"
"2021","Canada","2016A000011124","Ownership by visible minority, Arab","Supply chain challenges are expected to worsen","Percent","239","units","0","v1304281550","1.50.1","63.6","E","","","1"
"2021","Canada","2016A000011124","Ownership by visible minority, Arab","Supply chain challenges are expected to remain about the same","Percent","239","units","0","v1304281551","1.50.2","31.6","E","","","1"
"2021","Canada","2016A000011124","Ownership by visible minority, Arab","Supply chain challenges are expected to improve","Percent","239","units","0","v1304281552","1.50.3","4.8","B","","","1"
"2021","Canada","2016A000011124","Ownership by visible minority, Southeast Asian","Supply chain challenges are expected to worsen","Percent","239","units","0","v1304281553","1.51.1","70.2","E","","","1"
"2021","Canada","2016A000011124","Ownership by visible minority, Southeast Asian","Supply chain challenges are expected to remain about the same","Percent","239","units","0","v1304281554","1.51.2","28.2","E","","","1"
"2021","Canada","2016A000011124","Ownership by visible minority, Southeast Asian","Supply chain challenges are expected to improve","Percent","239","units","0","v1304281555","1.51.3","1.6","A","","","1"
"2021","Canada","2016A000011124","Ownership by visible minority, West Asian","Supply chain challenges are expected to worsen","Percent","239","units","0","v1304281556","1.52.1","10.0","C","","","1"
"2021","Canada","2016A000011124","Ownership by visible minority, West Asian","Supply chain challenges are expected to remain about the same","Percent","239","units","0","v1304281557","1.52.2","89.4","C","","","1"
"2021","Canada","2016A000011124","Ownership by visible minority, West Asian","Supply chain challenges are expected to improve","Percent","239","units","0","v1304281558","1.52.3","0.6","A","","","1"
"2021","Canada","2016A000011124","Ownership by visible minority, Korean","Supply chain challenges are expected to worsen","Percent","239","units","0","v1304281559","1.53.1","43.8","E","","","1"
"2021","Canada","2016A000011124","Ownership by visible minority, Korean","Supply chain challenges are expected to remain about the same","Percent","239","units","0","v1304281560","1.53.2","56.2","E","","","1"
"2021","Canada","2016A000011124","Ownership by visible minority, Korean","Supply chain challenges are expected to improve","Percent","239","units","0","v1304281561","1.53.3","0.1","A","","","1"
"2021","Canada","2016A000011124","Ownership by visible minority, Japanese","Supply chain challenges are expected to worsen","Percent","239","units","0","v1304281562","1.54.1","0.9","A","","","1"
"2021","Canada","2016A000011124","Ownership by visible minority, Japanese","Supply chain challenges are expected to remain about the same","Percent","239","units","0","v1304281563","1.54.2","99.1","A","","","1"
"2021","Canada","2016A000011124","Ownership by visible minority, Japanese","Supply chain challenges are expected to improve","Percent","239","units","0","v1304281564","1.54.3","0.0","A","","","1"
"2021","Canada","2016A000011124","Ownership by visible minority, other visible minority","Supply chain challenges are expected to worsen","Percent","239","units","0","v1304281565","1.55.1","","F","","","1"
"2021","Canada","2016A000011124","Ownership by visible minority, other visible minority","Supply chain challenges are expected to remain about the same","Percent","239","units","0","v1304281566","1.55.2","","F","","","1"
"2021","Canada","2016A000011124","Ownership by visible minority, other visible minority","Supply chain challenges are expected to improve","Percent","239","units","0","v1304281567","1.55.3","6.0","C","","","1"
"2021","Canada","2016A000011124","Ownership by visible minority, preferred not to say","Supply chain challenges are expected to worsen","Percent","239","units","0","v1304281568","1.56.1","8.9","C","","","1"
"2021","Canada","2016A000011124","Ownership by visible minority, preferred not to say","Supply chain challenges are expected to remain about the same","Percent","239","units","0","v1304281569","1.56.2","","F","","","1"
"2021","Canada","2016A000011124","Ownership by visible minority, preferred not to say","Supply chain challenges are expected to improve","Percent","239","units","0","v1304281570","1.56.3","","F","","","1"
"2021","Canada","2016A000011124","Business or organization activity in the last 12 months, all business or organization activities","Supply chain challenges are expected to worsen","Percent","239","units","0","v1304281571","1.57.1","43.4","A","","","1"
"2021","Canada","2016A000011124","Business or organization activity in the last 12 months, all business or organization activities","Supply chain challenges are expected to remain about the same","Percent","239","units","0","v1304281572","1.57.2","48.0","A","","","1"
"2021","Canada","2016A000011124","Business or organization activity in the last 12 months, all business or organization activities","Supply chain challenges are expected to improve","Percent","239","units","0","v1304281573","1.57.3","8.7","A","","","1"
"2021","Canada","2016A000011124","Exported goods outside of Canada","Supply chain challenges are expected to worsen","Percent","239","units","0","v1304281574","1.58.1","43.2","C","","","1"
"2021","Canada","2016A000011124","Exported goods outside of Canada","Supply chain challenges are expected to remain about the same","Percent","239","units","0","v1304281575","1.58.2","52.0","C","","","1"
"2021","Canada","2016A000011124","Exported goods outside of Canada","Supply chain challenges are expected to improve","Percent","239","units","0","v1304281576","1.58.3","4.7","A","","","1"
"2021","Canada","2016A000011124","Exported services outside of Canada","Supply chain challenges are expected to worsen","Percent","239","units","0","v1304281577","1.59.1","45.7","D","","","1"
"2021","Canada","2016A000011124","Exported services outside of Canada","Supply chain challenges are expected to remain about the same","Percent","239","units","0","v1304281578","1.59.2","49.8","D","","","1"
"2021","Canada","2016A000011124","Exported services outside of Canada","Supply chain challenges are expected to improve","Percent","239","units","0","v1304281579","1.59.3","4.5","A","","","1"
"2021","Canada","2016A000011124","Made investments outside of Canada","Supply chain challenges are expected to worsen","Percent","239","units","0","v1304281583","1.60.1","46.0","E","","","1"
"2021","Canada","2016A000011124","Made investments outside of Canada","Supply chain challenges are expected to remain about the same","Percent","239","units","0","v1304281584","1.60.2","50.7","E","","","1"
"2021","Canada","2016A000011124","Made investments outside of Canada","Supply chain challenges are expected to improve","Percent","239","units","0","v1304281585","1.60.3","3.3","B","","","1"
"2021","Canada","2016A000011124","Sold goods to businesses in Canada who then resold them outside of Canada","Supply chain challenges are expected to worsen","Percent","239","units","0","v1304281586","1.61.1","46.6","D","","","1"
"2021","Canada","2016A000011124","Sold goods to businesses in Canada who then resold them outside of Canada","Supply chain challenges are expected to remain about the same","Percent","239","units","0","v1304281587","1.61.2","49.3","D","","","1"
"2021","Canada","2016A000011124","Sold goods to businesses in Canada who then resold them outside of Canada","Supply chain challenges are expected to improve","Percent","239","units","0","v1304281588","1.61.3","4.0","A","","","1"
"2021","Canada","2016A000011124","Imported goods from outside of Canada","Supply chain challenges are expected to worsen","Percent","239","units","0","v1304281589","1.62.1","40.3","B","","","1"
"2021","Canada","2016A000011124","Imported goods from outside of Canada","Supply chain challenges are expected to remain about the same","Percent","239","units","0","v1304281590","1.62.2","52.9","B","","","1"
"2021","Canada","2016A000011124","Imported goods from outside of Canada","Supply chain challenges are expected to improve","Percent","239","units","0","v1304281591","1.62.3","6.8","A","","","1"
"2021","Canada","2016A000011124","Imported services from outside of Canada","Supply chain challenges are expected to worsen","Percent","239","units","0","v1304281592","1.63.1","48.7","C","","","1"
"2021","Canada","2016A000011124","Imported services from outside of Canada","Supply chain challenges are expected to remain about the same","Percent","239","units","0","v1304281593","1.63.2","42.7","C","","","1"
"2021","Canada","2016A000011124","Imported services from outside of Canada","Supply chain challenges are expected to improve","Percent","239","units","0","v1304281594","1.63.3","8.6","B","","","1"
"2021","Canada","2016A000011124","Relocated any business or organizational activities or employees from another country into Canada","Supply chain challenges are expected to worsen","Percent","239","units","0","v1304281595","1.64.1","","F","","","1"
"2021","Canada","2016A000011124","Relocated any business or organizational activities or employees from another country into Canada","Supply chain challenges are expected to remain about the same","Percent","239","units","0","v1304281596","1.64.2","","F","","","1"
"2021","Canada","2016A000011124","Relocated any business or organizational activities or employees from another country into Canada","Supply chain challenges are expected to improve","Percent","239","units","0","v1304281597","1.64.3","0.4","A","","","1"
"2021","Canada","2016A000011124","Engaged in other international business activities","Supply chain challenges are expected to worsen","Percent","239","units","0","v1304281598","1.65.1","35.1","D","","","1"
"2021","Canada","2016A000011124","Engaged in other international business activities","Supply chain challenges are expected to remain about the same","Percent","239","units","0","v1304281599","1.65.2","57.0","E","","","1"
"2021","Canada","2016A000011124","Engaged in other international business activities","Supply chain challenges are expected to improve","Percent","239","units","0","v1304281600","1.65.3","7.9","C","","","1"
"2021","Canada","2016A000011124","Business or organization activity, none or other","Supply chain challenges are expected to worsen","Percent","239","units","0","v1304281601","1.66.1","44.2","A","","","1"
"2021","Canada","2016A000011124","Business or organization activity, none or other","Supply chain challenges are expected to remain about the same","Percent","239","units","0","v1304281602","1.66.2","46.6","A","","","1"
"2021","Canada","2016A000011124","Business or organization activity, none or other","Supply chain challenges are expected to improve","Percent","239","units","0","v1304281603","1.66.3","9.2","A","","","1"
"2021","Saskatchewan","2016A000247","North American Industry Classification System (NAICS), all industries","Supply chain challenges are expected to worsen","Percent","239","units","0","v1304283989","9.1.1","51.3","B","","","1"
"2021","Saskatchewan","2016A000247","North American Industry Classification System (NAICS), all industries","Supply chain challenges are expected to remain about the same","Percent","239","units","0","v1304283990","9.1.2","43.9","B","","","1"
"2021","Saskatchewan","2016A000247","North American Industry Classification System (NAICS), all industries","Supply chain challenges are expected to improve","Percent","239","units","0","v1304283991","9.1.3","4.8","A","","","1"
"2021","Saskatchewan","2016A000247","Agriculture, forestry, fishing and hunting [11]","Supply chain challenges are expected to worsen","Percent","239","units","0","v1304284022","9.2.1","74.4","D","","","1"
"2021","Saskatchewan","2016A000247","Agriculture, forestry, fishing and hunting [11]","Supply chain challenges are expected to remain about the same","Percent","239","units","0","v1304284023","9.2.2","25.6","D","","","1"
"2021","Saskatchewan","2016A000247","Agriculture, forestry, fishing and hunting [11]","Supply chain challenges are expected to improve","Percent","239","units","0","v1304284024","9.2.3","0.0","A","","","1"
"2021","Saskatchewan","2016A000247","Mining, quarrying, and oil and gas extraction [21]","Supply chain challenges are expected to worsen","Percent","239","units","0","v1304284055","9.3.1","64.4","E","","","1"
"2021","Saskatchewan","2016A000247","Mining, quarrying, and oil and gas extraction [21]","Supply chain challenges are expected to remain about the same","Percent","239","units","0","v1304284056","9.3.2","35.6","E","","","1"
"2021","Saskatchewan","2016A000247","Mining, quarrying, and oil and gas extraction [21]","Supply chain challenges are expected to improve","Percent","239","units","0","v1304284057","9.3.3","0.0","A","","","1"
"2021","Saskatchewan","2016A000247","Construction [23]","Supply chain challenges are expected to worsen","Percent","239","units","0","v1304284088","9.4.1","46.0","D","","","1"
"2021","Saskatchewan","2016A000247","Construction [23]","Supply chain challenges are expected to remain about the same","Percent","239","units","0","v1304284089","9.4.2","44.7","D","","","1"
"2021","Saskatchewan","2016A000247","Construction [23]","Supply chain challenges are expected to improve","Percent","239","units","0","v1304284090","9.4.3","9.3","C","","","1"
"2021","Saskatchewan","2016A000247","Manufacturing [31-33]","Supply chain challenges are expected to worsen","Percent","239","units","0","v1304284121","9.5.1","39.7","D","","","1"
"2021","Saskatchewan","2016A000247","Manufacturing [31-33]","Supply chain challenges are expected to remain about the same","Percent","239","units","0","v1304284122","9.5.2","54.6","D","","","1"
"2021","Saskatchewan","2016A000247","Manufacturing [31-33]","Supply chain challenges are expected to improve","Percent","239","units","0","v1304284123","9.5.3","5.7","C","","","1"
"2021","Saskatchewan","2016A000247","Wholesale trade [41]","Supply chain challenges are expected to worsen","Percent","239","units","0","v1304284154","9.6.1","37.7","D","","","1"
"2021","Saskatchewan","2016A000247","Wholesale trade [41]","Supply chain challenges are expected to remain about the same","Percent","239","units","0","v1304284155","9.6.2","56.8","D","","","1"
"2021","Saskatchewan","2016A000247","Wholesale trade [41]","Supply chain challenges are expected to improve","Percent","239","units","0","v1304284156","9.6.3","5.5","B","","","1"
"2021","Saskatchewan","2016A000247","Retail trade [44-45]","Supply chain challenges are expected to worsen","Percent","239","units","0","v1304284178","9.7.1","47.4","D","","","1"
"2021","Saskatchewan","2016A000247","Retail trade [44-45]","Supply chain challenges are expected to remain about the same","Percent","239","units","0","v1304284179","9.7.2","49.8","D","","","1"
"2021","Saskatchewan","2016A000247","Retail trade [44-45]","Supply chain challenges are expected to improve","Percent","239","units","0","v1304284180","9.7.3","2.8","A","","","1"
"2021","Saskatchewan","2016A000247","Transportation and warehousing [48-49]","Supply chain challenges are expected to worsen","Percent","239","units","0","v1304284181","9.8.1","","F","","","1"
"2021","Saskatchewan","2016A000247","Transportation and warehousing [48-49]","Supply chain challenges are expected to remain about the same","Percent","239","units","0","v1304284182","9.8.2","","F","","","1"
"2021","Saskatchewan","2016A000247","Transportation and warehousing [48-49]","Supply chain challenges are expected to improve","Percent","239","units","0","v1304284183","9.8.3","3.4","B","","","1"
"2021","Saskatchewan","2016A000247","Information and cultural industries [51]","Supply chain challenges are expected to worsen","Percent","239","units","0","v1304284184","9.9.1","24.6","E","","","1"
"2021","Saskatchewan","2016A000247","Information and cultural industries [51]","Supply chain challenges are expected to remain about the same","Percent","239","units","0","v1304284185","9.9.2","69.9","E","","","1"
"2021","Saskatchewan","2016A000247","Information and cultural industries [51]","Supply chain challenges are expected to improve","Percent","239","units","0","v1304284186","9.9.3","5.5","B","","","1"
"2021","Saskatchewan","2016A000247","Finance and insurance [52]","Supply chain challenges are expected to worsen","Percent","239","units","0","v1304283992","9.10.1","","F","","","1"
"2021","Saskatchewan","2016A000247","Finance and insurance [52]","Supply chain challenges are expected to remain about the same","Percent","239","units","0","v1304283993","9.10.2","0.0","A","","","1"
"2021","Saskatchewan","2016A000247","Finance and insurance [52]","Supply chain challenges are expected to improve","Percent","239","units","0","v1304283994","9.10.3","","F","","","1"
"2021","Saskatchewan","2016A000247","Real estate and rental and leasing [53]","Supply chain challenges are expected to worsen","Percent","239","units","0","v1304283995","9.11.1","36.5","E","","","1"
"2021","Saskatchewan","2016A000247","Real estate and rental and leasing [53]","Supply chain challenges are expected to remain about the same","Percent","239","units","0","v1304283996","9.11.2","47.5","E","","","1"
"2021","Saskatchewan","2016A000247","Real estate and rental and leasing [53]","Supply chain challenges are expected to improve","Percent","239","units","0","v1304283997","9.11.3","16.0","E","","","1"
"2021","Saskatchewan","2016A000247","Professional, scientific and technical services [54]","Supply chain challenges are expected to worsen","Percent","239","units","0","v1304283998","9.12.1","16.9","D","","","1"
"2021","Saskatchewan","2016A000247","Professional, scientific and technical services [54]","Supply chain challenges are expected to remain about the same","Percent","239","units","0","v1304283999","9.12.2","","F","","","1"
"2021","Saskatchewan","2016A000247","Professional, scientific and technical services [54]","Supply chain challenges are expected to improve","Percent","239","units","0","v1304284000","9.12.3","","F","","","1"
"2021","Saskatchewan","2016A000247","Administrative and support, waste management and remediation services [56]","Supply chain challenges are expected to worsen","Percent","239","units","0","v1304284001","9.13.1","39.2","E","","","1"
"2021","Saskatchewan","2016A000247","Administrative and support, waste management and remediation services [56]","Supply chain challenges are expected to remain about the same","Percent","239","units","0","v1304284002","9.13.2","41.2","E","","","1"
"2021","Saskatchewan","2016A000247","Administrative and support, waste management and remediation services [56]","Supply chain challenges are expected to improve","Percent","239","units","0","v1304284003","9.13.3","19.6","E","","","1"
"2021","Saskatchewan","2016A000247","Health care and social assistance [62]","Supply chain challenges are expected to worsen","Percent","239","units","0","v1304284004","9.14.1","","F","","","1"
"2021","Saskatchewan","2016A000247","Health care and social assistance [62]","Supply chain challenges are expected to remain about the same","Percent","239","units","0","v1304284005","9.14.2","","F","","","1"
"2021","Saskatchewan","2016A000247","Health care and social assistance [62]","Supply chain challenges are expected to improve","Percent","239","units","0","v1304284006","9.14.3","0.0","A","","","1"
"2021","Saskatchewan","2016A000247","Arts, entertainment and recreation [71]","Supply chain challenges are expected to worsen","Percent","239","units","0","v1304284007","9.15.1","33.7","E","","","1"
"2021","Saskatchewan","2016A000247","Arts, entertainment and recreation [71]","Supply chain challenges are expected to remain about the same","Percent","239","units","0","v1304284008","9.15.2","62.7","E","","","1"
"2021","Saskatchewan","2016A000247","Arts, entertainment and recreation [71]","Supply chain challenges are expected to improve","Percent","239","units","0","v1304284009","9.15.3","3.6","B","","","1"
"2021","Saskatchewan","2016A000247","Accommodation and food services [72]","Supply chain challenges are expected to worsen","Percent","239","units","0","v1304284010","9.16.1","54.8","D","","","1"
"2021","Saskatchewan","2016A000247","Accommodation and food services [72]","Supply chain challenges are expected to remain about the same","Percent","239","units","0","v1304284011","9.16.2","41.0","D","","","1"
"2021","Saskatchewan","2016A000247","Accommodation and food services [72]","Supply chain challenges are expected to improve","Percent","239","units","0","v1304284012","9.16.3","4.1","B","","","1"
"2021","Saskatchewan","2016A000247","Other services (except public administration) [81]","Supply chain challenges are expected to worsen","Percent","239","units","0","v1304284013","9.17.1","42.4","E","","","1"
"2021","Saskatchewan","2016A000247","Other services (except public administration) [81]","Supply chain challenges are expected to remain about the same","Percent","239","units","0","v1304284014","9.17.2","57.6","E","","","1"
"2021","Saskatchewan","2016A000247","Other services (except public administration) [81]","Supply chain challenges are expected to improve","Percent","239","units","0","v1304284015","9.17.3","0.0","A","","","1"
"2021","Saskatchewan","2016A000247","Business or organization size of employment, all employment sizes","Supply chain challenges are expected to worsen","Percent","239","units","0","v1304284016","9.18.1","51.3","B","","","1"
"2021","Saskatchewan","2016A000247","Business or organization size of employment, all employment sizes","Supply chain challenges are expected to remain about the same","Percent","239","units","0","v1304284017","9.18.2","43.9","B","","","1"
"2021","Saskatchewan","2016A000247","Business or organization size of employment, all employment sizes","Supply chain challenges are expected to improve","Percent","239","units","0","v1304284018","9.18.3","4.8","A","","","1"
"2021","Saskatchewan","2016A000247","1 to 4 employees","Supply chain challenges are expected to worsen","Percent","239","units","0","v1304284019","9.19.1","56.4","B","","","1"
"2021","Saskatchewan","2016A000247","1 to 4 employees","Supply chain challenges are expected to remain about the same","Percent","239","units","0","v1304284020","9.19.2","41.0","B","","","1"
"2021","Saskatchewan","2016A000247","1 to 4 employees","Supply chain challenges are expected to improve","Percent","239","units","0","v1304284021","9.19.3","2.6","A","","","1"
"2021","Saskatchewan","2016A000247","5 to 19 employees","Supply chain challenges are expected to worsen","Percent","239","units","0","v1304284025","9.20.1","48.3","C","","","1"
"2021","Saskatchewan","2016A000247","5 to 19 employees","Supply chain challenges are expected to remain about the same","Percent","239","units","0","v1304284026","9.20.2","43.7","C","","","1"
"2021","Saskatchewan","2016A000247","5 to 19 employees","Supply chain challenges are expected to improve","Percent","239","units","0","v1304284027","9.20.3","8.0","B","","","1"
"2021","Saskatchewan","2016A000247","20 to 99 employees","Supply chain challenges are expected to worsen","Percent","239","units","0","v1304284028","9.21.1","42.8","C","","","1"
"2021","Saskatchewan","2016A000247","20 to 99 employees","Supply chain challenges are expected to remain about the same","Percent","239","units","0","v1304284029","9.21.2","53.6","C","","","1"
"2021","Saskatchewan","2016A000247","20 to 99 employees","Supply chain challenges are expected to improve","Percent","239","units","0","v1304284030","9.21.3","3.5","A","","","1"
"2021","Saskatchewan","2016A000247","100 or more employees","Supply chain challenges are expected to worsen","Percent","239","units","0","v1304284031","9.22.1","20.0","B","","","1"
"2021","Saskatchewan","2016A000247","100 or more employees","Supply chain challenges are expected to remain about the same","Percent","239","units","0","v1304284032","9.22.2","72.8","C","","","1"
"2021","Saskatchewan","2016A000247","100 or more employees","Supply chain challenges are expected to improve","Percent","239","units","0","v1304284033","9.22.3","7.2","B","","","1"
"2021","Saskatchewan","2016A000247","Business or organization type, all businesses or organizations","Supply chain challenges are expected to worsen","Percent","239","units","0","v1304284034","9.23.1","51.3","B","","","1"
"2021","Saskatchewan","2016A000247","Business or organization type, all businesses or organizations","Supply chain challenges are expected to remain about the same","Percent","239","units","0","v1304284035","9.23.2","43.9","B","","","1"
"2021","Saskatchewan","2016A000247","Business or organization type, all businesses or organizations","Supply chain challenges are expected to improve","Percent","239","units","0","v1304284036","9.23.3","4.8","A","","","1"
"2021","Saskatchewan","2016A000247","Government agencies","Supply chain challenges are expected to worsen","Percent","239","units","0","v1304284037","9.24.1","","F","","","1"
"2021","Saskatchewan","2016A000247","Government agencies","Supply chain challenges are expected to remain about the same","Percent","239","units","0","v1304284038","9.24.2","","F","","","1"
"2021","Saskatchewan","2016A000247","Government agencies","Supply chain challenges are expected to improve","Percent","239","units","0","v1304284039","9.24.3","","F","","","1"
"2021","Saskatchewan","2016A000247","Private sector businesses","Supply chain challenges are expected to worsen","Percent","239","units","0","v1304284040","9.25.1","51.7","B","","","1"
"2021","Saskatchewan","2016A000247","Private sector businesses","Supply chain challenges are expected to remain about the same","Percent","239","units","0","v1304284041","9.25.2","43.4","B","","","1"
"2021","Saskatchewan","2016A000247","Private sector businesses","Supply chain challenges are expected to improve","Percent","239","units","0","v1304284042","9.25.3","4.9","A","","","1"
"2021","Saskatchewan","2016A000247","Non-profit organizations","Supply chain challenges are expected to worsen","Percent","239","units","0","v1304284043","9.26.1","","F","","","1"
"2021","Saskatchewan","2016A000247","Non-profit organizations","Supply chain challenges are expected to remain about the same","Percent","239","units","0","v1304284044","9.26.2","","F","","","1"
"2021","Saskatchewan","2016A000247","Non-profit organizations","Supply chain challenges are expected to improve","Percent","239","units","0","v1304284045","9.26.3","0.8","A","","","1"
"2021","Saskatchewan","2016A000247","Non-profit organizations serving households or individuals","Supply chain challenges are expected to worsen","Percent","239","units","0","v1304284046","9.27.1","","F","","","1"
"2021","Saskatchewan","2016A000247","Non-profit organizations serving households or individuals","Supply chain challenges are expected to remain about the same","Percent","239","units","0","v1304284047","9.27.2","","F","","","1"
"2021","Saskatchewan","2016A000247","Non-profit organizations serving households or individuals","Supply chain challenges are expected to improve","Percent","239","units","0","v1304284048","9.27.3","0.8","A","","","1"
"2021","Saskatchewan","2016A000247","Non-profit organizations serving businesses","Supply chain challenges are expected to worsen","Percent","239","units","0","v1304284049","9.28.1","","F","","","1"
"2021","Saskatchewan","2016A000247","Non-profit organizations serving businesses","Supply chain challenges are expected to remain about the same","Percent","239","units","0","v1304284050","9.28.2","","F","","","1"
"2021","Saskatchewan","2016A000247","Non-profit organizations serving businesses","Supply chain challenges are expected to improve","Percent","239","units","0","v1304284051","9.28.3","0.0","A","","","1"
"2021","Saskatchewan","2016A000247","Age of business or organization, all ages","Supply chain challenges are expected to worsen","Percent","239","units","0","v1304284052","9.29.1","51.3","B","","","1"
"2021","Saskatchewan","2016A000247","Age of business or organization, all ages","Supply chain challenges are expected to remain about the same","Percent","239","units","0","v1304284053","9.29.2","43.9","B","","","1"
"2021","Saskatchewan","2016A000247","Age of business or organization, all ages","Supply chain challenges are expected to improve","Percent","239","units","0","v1304284054","9.29.3","4.8","A","","","1"
"2021","Saskatchewan","2016A000247","Age of business or organization, 2 years or less","Supply chain challenges are expected to worsen","Percent","239","units","0","v1304284058","9.30.1","22.3","E","","","1"
"2021","Saskatchewan","2016A000247","Age of business or organization, 2 years or less","Supply chain challenges are expected to remain about the same","Percent","239","units","0","v1304284059","9.30.2","","F","","","1"
"2021","Saskatchewan","2016A000247","Age of business or organization, 2 years or less","Supply chain challenges are expected to improve","Percent","239","units","0","v1304284060","9.30.3","8.8","D","","","1"
"2021","Saskatchewan","2016A000247","Age of business or organization, 3 to 10 years old","Supply chain challenges are expected to worsen","Percent","239","units","0","v1304284061","9.31.1","57.0","C","","","1"
"2021","Saskatchewan","2016A000247","Age of business or organization, 3 to 10 years old","Supply chain challenges are expected to remain about the same","Percent","239","units","0","v1304284062","9.31.2","40.5","C","","","1"
"2021","Saskatchewan","2016A000247","Age of business or organization, 3 to 10 years old","Supply chain challenges are expected to improve","Percent","239","units","0","v1304284063","9.31.3","2.4","A","","","1"
"2021","Saskatchewan","2016A000247","Age of business or organization, 11 to 20 years old","Supply chain challenges are expected to worsen","Percent","239","units","0","v1304284064","9.32.1","49.7","D","","","1"
"2021","Saskatchewan","2016A000247","Age of business or organization, 11 to 20 years old","Supply chain challenges are expected to remain about the same","Percent","239","units","0","v1304284065","9.32.2","40.8","D","","","1"
"2021","Saskatchewan","2016A000247","Age of business or organization, 11 to 20 years old","Supply chain challenges are expected to improve","Percent","239","units","0","v1304284066","9.32.3","9.5","C","","","1"
"2021","Saskatchewan","2016A000247","Age of business or organization, more than 20 years old","Supply chain challenges are expected to worsen","Percent","239","units","0","v1304284067","9.33.1","51.6","B","","","1"
"2021","Saskatchewan","2016A000247","Age of business or organization, more than 20 years old","Supply chain challenges are expected to remain about the same","Percent","239","units","0","v1304284068","9.33.2","44.6","B","","","1"
"2021","Saskatchewan","2016A000247","Age of business or organization, more than 20 years old","Supply chain challenges are expected to improve","Percent","239","units","0","v1304284069","9.33.3","3.9","A","","","1"
"2021","Saskatchewan","2016A000247","Geography, all geography","Supply chain challenges are expected to worsen","Percent","239","units","0","v1304284070","9.34.1","51.3","B","","","1"
"2021","Saskatchewan","2016A000247","Geography, all geography","Supply chain challenges are expected to remain about the same","Percent","239","units","0","v1304284071","9.34.2","43.9","B","","","1"
"2021","Saskatchewan","2016A000247","Geography, all geography","Supply chain challenges are expected to improve","Percent","239","units","0","v1304284072","9.34.3","4.8","A","","","1"
"2021","Saskatchewan","2016A000247","Urban","Supply chain challenges are expected to worsen","Percent","239","units","0","v1304284073","9.35.1","43.7","B","","","1"
"2021","Saskatchewan","2016A000247","Urban","Supply chain challenges are expected to remain about the same","Percent","239","units","0","v1304284074","9.35.2","48.9","B","","","1"
"2021","Saskatchewan","2016A000247","Urban","Supply chain challenges are expected to improve","Percent","239","units","0","v1304284075","9.35.3","7.4","A","","","1"
"2021","Saskatchewan","2016A000247","Rural","Supply chain challenges are expected to worsen","Percent","239","units","0","v1304284076","9.36.1","62.1","C","","","1"
"2021","Saskatchewan","2016A000247","Rural","Supply chain challenges are expected to remain about the same","Percent","239","units","0","v1304284077","9.36.2","36.7","C","","","1"
"2021","Saskatchewan","2016A000247","Rural","Supply chain challenges are expected to improve","Percent","239","units","0","v1304284078","9.36.3","1.2","A","","","1"
"2021","Saskatchewan","2016A000247","Majority ownership, all ownerships","Supply chain challenges are expected to worsen","Percent","239","units","0","v1304284079","9.37.1","51.7","B","","","1"
"2021","Saskatchewan","2016A000247","Majority ownership, all ownerships","Supply chain challenges are expected to remain about the same","Percent","239","units","0","v1304284080","9.37.2","43.4","B","","","1"
"2021","Saskatchewan","2016A000247","Majority ownership, all ownerships","Supply chain challenges are expected to improve","Percent","239","units","0","v1304284081","9.37.3","4.9","A","","","1"
"2021","Saskatchewan","2016A000247","Majority ownership, woman","Supply chain challenges are expected to worsen","Percent","239","units","0","v1304284082","9.38.1","46.8","E","","","1"
"2021","Saskatchewan","2016A000247","Majority ownership, woman","Supply chain challenges are expected to remain about the same","Percent","239","units","0","v1304284083","9.38.2","49.4","E","","","1"
"2021","Saskatchewan","2016A000247","Majority ownership, woman","Supply chain challenges are expected to improve","Percent","239","units","0","v1304284084","9.38.3","3.8","B","","","1"
"2021","Saskatchewan","2016A000247","Majority ownership, First Nations, Métis or Inuit","Supply chain challenges are expected to worsen","Percent","239","units","0","v1304284085","9.39.1","","F","","","1"
"2021","Saskatchewan","2016A000247","Majority ownership, First Nations, Métis or Inuit","Supply chain challenges are expected to remain about the same","Percent","239","units","0","v1304284086","9.39.2","","F","","","1"
"2021","Saskatchewan","2016A000247","Majority ownership, First Nations, Métis or Inuit","Supply chain challenges are expected to improve","Percent","239","units","0","v1304284087","9.39.3","0.9","A","","","1"
"2021","Saskatchewan","2016A000247","Majority ownership, immigrant to Canada","Supply chain challenges are expected to worsen","Percent","239","units","0","v1304284091","9.40.1","50.4","D","","","1"
"2021","Saskatchewan","2016A000247","Majority ownership, immigrant to Canada","Supply chain challenges are expected to remain about the same","Percent","239","units","0","v1304284092","9.40.2","41.3","D","","","1"
"2021","Saskatchewan","2016A000247","Majority ownership, immigrant to Canada","Supply chain challenges are expected to improve","Percent","239","units","0","v1304284093","9.40.3","8.3","C","","","1"
"2021","Saskatchewan","2016A000247","Majority ownership, person with a disability","Supply chain challenges are expected to worsen","Percent","239","units","0","v1304284094","9.41.1","4.1","B","","","1"
"2021","Saskatchewan","2016A000247","Majority ownership, person with a disability","Supply chain challenges are expected to remain about the same","Percent","239","units","0","v1304284095","9.41.2","93.6","B","","","1"
"2021","Saskatchewan","2016A000247","Majority ownership, person with a disability","Supply chain challenges are expected to improve","Percent","239","units","0","v1304284096","9.41.3","2.3","A","","","1"
"2021","Saskatchewan","2016A000247","Majority ownership, member of LGBTQ2 community","Supply chain challenges are expected to worsen","Percent","239","units","0","v1304284097","9.42.1","","F","","","1"
"2021","Saskatchewan","2016A000247","Majority ownership, member of LGBTQ2 community","Supply chain challenges are expected to remain about the same","Percent","239","units","0","v1304284098","9.42.2","","F","","","1"
"2021","Saskatchewan","2016A000247","Majority ownership, member of LGBTQ2 community","Supply chain challenges are expected to improve","Percent","239","units","0","v1304284099","9.42.3","0.0","A","","","1"
"2021","Saskatchewan","2016A000247","Majority ownership, visible minority","Supply chain challenges are expected to worsen","Percent","239","units","0","v1304284100","9.43.1","","F","","","1"
"2021","Saskatchewan","2016A000247","Majority ownership, visible minority","Supply chain challenges are expected to remain about the same","Percent","239","units","0","v1304284101","9.43.2","","F","","","1"
"2021","Saskatchewan","2016A000247","Majority ownership, visible minority","Supply chain challenges are expected to improve","Percent","239","units","0","v1304284102","9.43.3","0.5","A","","","1"
"2021","Saskatchewan","2016A000247","Ownership by visible minority, all visible minorities","Supply chain challenges are expected to worsen","Percent","239","units","0","v1304284103","9.44.1","","F","","","1"
"2021","Saskatchewan","2016A000247","Ownership by visible minority, all visible minorities","Supply chain challenges are expected to remain about the same","Percent","239","units","0","v1304284104","9.44.2","","F","","","1"
"2021","Saskatchewan","2016A000247","Ownership by visible minority, all visible minorities","Supply chain challenges are expected to improve","Percent","239","units","0","v1304284105","9.44.3","0.5","A","","","1"
"2021","Saskatchewan","2016A000247","Ownership by visible minority, South Asian","Supply chain challenges are expected to worsen","Percent","239","units","0","v1304284106","9.45.1","","F","","","1"
"2021","Saskatchewan","2016A000247","Ownership by visible minority, South Asian","Supply chain challenges are expected to remain about the same","Percent","239","units","0","v1304284107","9.45.2","","F","","","1"
"2021","Saskatchewan","2016A000247","Ownership by visible minority, South Asian","Supply chain challenges are expected to improve","Percent","239","units","0","v1304284108","9.45.3","1.4","A","","","1"
"2021","Saskatchewan","2016A000247","Ownership by visible minority, Chinese","Supply chain challenges are expected to worsen","Percent","239","units","0","v1304284109","9.46.1","91.9","C","","","1"
"2021","Saskatchewan","2016A000247","Ownership by visible minority, Chinese","Supply chain challenges are expected to remain about the same","Percent","239","units","0","v1304284110","9.46.2","8.1","C","","","1"
"2021","Saskatchewan","2016A000247","Ownership by visible minority, Chinese","Supply chain challenges are expected to improve","Percent","239","units","0","v1304284111","9.46.3","0.0","A","","","1"
"2021","Saskatchewan","2016A000247","Ownership by visible minority, Black","Supply chain challenges are expected to worsen","Percent","239","units","0","v1304284112","9.47.1","100.0","A","","","1"
"2021","Saskatchewan","2016A000247","Ownership by visible minority, Black","Supply chain challenges are expected to remain about the same","Percent","239","units","0","v1304284113","9.47.2","0.0","A","","","1"
"2021","Saskatchewan","2016A000247","Ownership by visible minority, Black","Supply chain challenges are expected to improve","Percent","239","units","0","v1304284114","9.47.3","0.0","A","","","1"
"2021","Saskatchewan","2016A000247","Ownership by visible minority, Filipino","Supply chain challenges are expected to worsen","Percent","239","units","0","v1304284115","9.48.1","0.0","A","","","1"
"2021","Saskatchewan","2016A000247","Ownership by visible minority, Filipino","Supply chain challenges are expected to remain about the same","Percent","239","units","0","v1304284116","9.48.2","100.0","A","","","1"
"2021","Saskatchewan","2016A000247","Ownership by visible minority, Filipino","Supply chain challenges are expected to improve","Percent","239","units","0","v1304284117","9.48.3","0.0","A","","","1"
"2021","Saskatchewan","2016A000247","Ownership by visible minority, Latin American","Supply chain challenges are expected to worsen","Percent","239","units","0","v1304284118","9.49.1","","..","","","1"
"2021","Saskatchewan","2016A000247","Ownership by visible minority, Latin American","Supply chain challenges are expected to remain about the same","Percent","239","units","0","v1304284119","9.49.2","","..","","","1"
"2021","Saskatchewan","2016A000247","Ownership by visible minority, Latin American","Supply chain challenges are expected to improve","Percent","239","units","0","v1304284120","9.49.3","","..","","","1"
"2021","Saskatchewan","2016A000247","Ownership by visible minority, Arab","Supply chain challenges are expected to worsen","Percent","239","units","0","v1304284124","9.50.1","0.0","A","","","1"
"2021","Saskatchewan","2016A000247","Ownership by visible minority, Arab","Supply chain challenges are expected to remain about the same","Percent","239","units","0","v1304284125","9.50.2","100.0","A","","","1"
"2021","Saskatchewan","2016A000247","Ownership by visible minority, Arab","Supply chain challenges are expected to improve","Percent","239","units","0","v1304284126","9.50.3","0.0","A","","","1"
"2021","Saskatchewan","2016A000247","Ownership by visible minority, Southeast Asian","Supply chain challenges are expected to worsen","Percent","239","units","0","v1304284127","9.51.1","","F","","","1"
"2021","Saskatchewan","2016A000247","Ownership by visible minority, Southeast Asian","Supply chain challenges are expected to remain about the same","Percent","239","units","0","v1304284128","9.51.2","","F","","","1"
"2021","Saskatchewan","2016A000247","Ownership by visible minority, Southeast Asian","Supply chain challenges are expected to improve","Percent","239","units","0","v1304284129","9.51.3","0.0","A","","","1"
"2021","Saskatchewan","2016A000247","Ownership by visible minority, West Asian","Supply chain challenges are expected to worsen","Percent","239","units","0","v1304284130","9.52.1","100.0","A","","","1"
"2021","Saskatchewan","2016A000247","Ownership by visible minority, West Asian","Supply chain challenges are expected to remain about the same","Percent","239","units","0","v1304284131","9.52.2","0.0","A","","","1"
"2021","Saskatchewan","2016A000247","Ownership by visible minority, West Asian","Supply chain challenges are expected to improve","Percent","239","units","0","v1304284132","9.52.3","0.0","A","","","1"
"2021","Saskatchewan","2016A000247","Ownership by visible minority, Korean","Supply chain challenges are expected to worsen","Percent","239","units","0","v1304284133","9.53.1","","F","","","1"
"2021","Saskatchewan","2016A000247","Ownership by visible minority, Korean","Supply chain challenges are expected to remain about the same","Percent","239","units","0","v1304284134","9.53.2","","F","","","1"
"2021","Saskatchewan","2016A000247","Ownership by visible minority, Korean","Supply chain challenges are expected to improve","Percent","239","units","0","v1304284135","9.53.3","0.0","A","","","1"
"2021","Saskatchewan","2016A000247","Ownership by visible minority, Japanese","Supply chain challenges are expected to worsen","Percent","239","units","0","v1304284136","9.54.1","","..","","","1"
"2021","Saskatchewan","2016A000247","Ownership by visible minority, Japanese","Supply chain challenges are expected to remain about the same","Percent","239","units","0","v1304284137","9.54.2","","..","","","1"
"2021","Saskatchewan","2016A000247","Ownership by visible minority, Japanese","Supply chain challenges are expected to improve","Percent","239","units","0","v1304284138","9.54.3","","..","","","1"
"2021","Saskatchewan","2016A000247","Ownership by visible minority, other visible minority","Supply chain challenges are expected to worsen","Percent","239","units","0","v1304284139","9.55.1","","..","","","1"
"2021","Saskatchewan","2016A000247","Ownership by visible minority, other visible minority","Supply chain challenges are expected to remain about the same","Percent","239","units","0","v1304284140","9.55.2","","..","","","1"
"2021","Saskatchewan","2016A000247","Ownership by visible minority, other visible minority","Supply chain challenges are expected to improve","Percent","239","units","0","v1304284141","9.55.3","","..","","","1"
"2021","Saskatchewan","2016A000247","Ownership by visible minority, preferred not to say","Supply chain challenges are expected to worsen","Percent","239","units","0","v1304284142","9.56.1","6.4","C","","","1"
"2021","Saskatchewan","2016A000247","Ownership by visible minority, preferred not to say","Supply chain challenges are expected to remain about the same","Percent","239","units","0","v1304284143","9.56.2","93.6","C","","","1"
"2021","Saskatchewan","2016A000247","Ownership by visible minority, preferred not to say","Supply chain challenges are expected to improve","Percent","239","units","0","v1304284144","9.56.3","0.0","A","","","1"
"2021","Saskatchewan","2016A000247","Business or organization activity in the last 12 months, all business or organization activities","Supply chain challenges are expected to worsen","Percent","239","units","0","v1304284145","9.57.1","51.3","B","","","1"
"2021","Saskatchewan","2016A000247","Business or organization activity in the last 12 months, all business or organization activities","Supply chain challenges are expected to remain about the same","Percent","239","units","0","v1304284146","9.57.2","43.9","B","","","1"
"2021","Saskatchewan","2016A000247","Business or organization activity in the last 12 months, all business or organization activities","Supply chain challenges are expected to improve","Percent","239","units","0","v1304284147","9.57.3","4.8","A","","","1"
"2021","Saskatchewan","2016A000247","Exported goods outside of Canada","Supply chain challenges are expected to worsen","Percent","239","units","0","v1304284148","9.58.1","49.0","E","","","1"
"2021","Saskatchewan","2016A000247","Exported goods outside of Canada","Supply chain challenges are expected to remain about the same","Percent","239","units","0","v1304284149","9.58.2","48.4","E","","","1"
"2021","Saskatchewan","2016A000247","Exported goods outside of Canada","Supply chain challenges are expected to improve","Percent","239","units","0","v1304284150","9.58.3","2.5","A","","","1"
"2021","Saskatchewan","2016A000247","Exported services outside of Canada","Supply chain challenges are expected to worsen","Percent","239","units","0","v1304284151","9.59.1","","F","","","1"
"2021","Saskatchewan","2016A000247","Exported services outside of Canada","Supply chain challenges are expected to remain about the same","Percent","239","units","0","v1304284152","9.59.2","","F","","","1"
"2021","Saskatchewan","2016A000247","Exported services outside of Canada","Supply chain challenges are expected to improve","Percent","239","units","0","v1304284153","9.59.3","0.0","A","","","1"
"2021","Saskatchewan","2016A000247","Made investments outside of Canada","Supply chain challenges are expected to worsen","Percent","239","units","0","v1304284157","9.60.1","23.4","E","","","1"
"2021","Saskatchewan","2016A000247","Made investments outside of Canada","Supply chain challenges are expected to remain about the same","Percent","239","units","0","v1304284158","9.60.2","76.6","E","","","1"
"2021","Saskatchewan","2016A000247","Made investments outside of Canada","Supply chain challenges are expected to improve","Percent","239","units","0","v1304284159","9.60.3","0.0","A","","","1"
"2021","Saskatchewan","2016A000247","Sold goods to businesses in Canada who then resold them outside of Canada","Supply chain challenges are expected to worsen","Percent","239","units","0","v1304284160","9.61.1","72.5","E","","","1"
"2021","Saskatchewan","2016A000247","Sold goods to businesses in Canada who then resold them outside of Canada","Supply chain challenges are expected to remain about the same","Percent","239","units","0","v1304284161","9.61.2","27.5","E","","","1"
"2021","Saskatchewan","2016A000247","Sold goods to businesses in Canada who then resold them outside of Canada","Supply chain challenges are expected to improve","Percent","239","units","0","v1304284162","9.61.3","0.0","A","","","1"
"2021","Saskatchewan","2016A000247","Imported goods from outside of Canada","Supply chain challenges are expected to worsen","Percent","239","units","0","v1304284163","9.62.1","46.3","C","","","1"
"2021","Saskatchewan","2016A000247","Imported goods from outside of Canada","Supply chain challenges are expected to remain about the same","Percent","239","units","0","v1304284164","9.62.2","48.5","C","","","1"
"2021","Saskatchewan","2016A000247","Imported goods from outside of Canada","Supply chain challenges are expected to improve","Percent","239","units","0","v1304284165","9.62.3","5.2","A","","","1"
"2021","Saskatchewan","2016A000247","Imported services from outside of Canada","Supply chain challenges are expected to worsen","Percent","239","units","0","v1304284166","9.63.1","39.3","E","","","1"
"2021","Saskatchewan","2016A000247","Imported services from outside of Canada","Supply chain challenges are expected to remain about the same","Percent","239","units","0","v1304284167","9.63.2","60.1","E","","","1"
"2021","Saskatchewan","2016A000247","Imported services from outside of Canada","Supply chain challenges are expected to improve","Percent","239","units","0","v1304284168","9.63.3","0.6","A","","","1"
"2021","Saskatchewan","2016A000247","Relocated any business or organizational activities or employees from another country into Canada","Supply chain challenges are expected to worsen","Percent","239","units","0","v1304284169","9.64.1","","F","","","1"
"2021","Saskatchewan","2016A000247","Relocated any business or organizational activities or employees from another country into Canada","Supply chain challenges are expected to remain about the same","Percent","239","units","0","v1304284170","9.64.2","","F","","","1"
"2021","Saskatchewan","2016A000247","Relocated any business or organizational activities or employees from another country into Canada","Supply chain challenges are expected to improve","Percent","239","units","0","v1304284171","9.64.3","0.0","A","","","1"
"2021","Saskatchewan","2016A000247","Engaged in other international business activities","Supply chain challenges are expected to worsen","Percent","239","units","0","v1304284172","9.65.1","","F","","","1"
"2021","Saskatchewan","2016A000247","Engaged in other international business activities","Supply chain challenges are expected to remain about the same","Percent","239","units","0","v1304284173","9.65.2","","F","","","1"
"2021","Saskatchewan","2016A000247","Engaged in other international business activities","Supply chain challenges are expected to improve","Percent","239","units","0","v1304284174","9.65.3","0.0","A","","","1"
"2021","Saskatchewan","2016A000247","Business or organization activity, none or other","Supply chain challenges are expected to worsen","Percent","239","units","0","v1304284175","9.66.1","51.6","B","","","1"
"2021","Saskatchewan","2016A000247","Business or organization activity, none or other","Supply chain challenges are expected to remain about the same","Percent","239","units","0","v1304284176","9.66.2","43.2","B","","","1"
"2021","Saskatchewan","2016A000247","Business or organization activity, none or other","Supply chain challenges are expected to improve","Percent","239","units","0","v1304284177","9.66.3","5.3","A","","","1"


